2BE1368E.BBS,1. Chill 1 Str 8s
50CA1921.BBS,2. Chill 2 Str 8s
7260A248.BBS,3. Chill 3 Str 8s
4B5BB724.BBS,4. Chill 4 Str 8s
F491947B.BBS,5. Chill 5 Str 8s
A2540B6E.BBS,6. Chill 6 Str 8s
49D03945.BBS,7. Chill 7 Str 8s
ACF4E1CF.BBS,8. Chill 8 Str 8s
5C4E3C2A.BBS,9. Chill 9 Str 8s
B06D3FD2.BBS,10. Chill 10 Str 8s
492287FF.BBS,11. Chill 11 Str 8s
2464022B.BBS,12. Chill 12 Str 8s
8ABD504E.BBS,13. Chill 13 Str 8s
3FA1F09B.BBS,14. Chill 14 Str 8s
7D69062E.BBS,15. Chill 15 Str 8s
2B378F11.BBS,16. Chill 16 Str 8s
10887D37.BBS,17. Chill 17 Str 8s
D724D0DF.BBS,18. Chill 18 Str 8s
88B562EC.BBS,19. Chill 19 Str 8s
2BCB6766.BBS,20. Chill 20 Str 8s
EF09524D.BBS,21. Chill 21 Str 8s
58FBBD0D.BBS,22. Chill 22  Str 8s
D0563949.BBS,23. Chill 23 Str 8s
2A112300.BBS,24. Chill 24 Str 8s
E885A80F.BBS,25. Chill 25 Str 8s
D22D629B.BBS,26. Chill 26 Str 8s
EED9FAC8.BBS,27. Chill 28 Str 8s
51963429.BBS,28. Chill 27 Str 8s
7B1B5C21.BBS,29. Chill 29 Str 8s Sync Kick
FB29E145.BBS,30. Chill 30 Str 8s Sync Kick
84D11984.BBS,31. Chill 31 Str 8s Sync Kick
C5F23606.BBS,32. Chill 32 Str 8s Sync Kick
9A71B97A.BBS,33. Chill 33 Str 8s Sync Kick
FC91BB78.BBS,34. Chill 34 Str 8s Sync Kick
E64D26FA.BBS,35. Chill 35 Str 8s Sync Kick
E84E0763.BBS,36. Chill 36 Str 8s Sync Kick
CC87760F.BBS,37. Chill 37 Str 8s Sync Kick
BDC9AC63.BBS,38. Chill 38 Str 8s Sync Kick
56C06B29.BBS,39. Chill 39 Str 8s Sync Kick
02F596F6.BBS,40. Chill 40 Str 8s Sync Kick
FCD251FA.BBS,41. Chill 41 Str 8s Sync Kick
8DF4167F.BBS,42. Chill 42 Str 8s Sync Kick
F57B5B88.BBS,43. Chill 43 16s
48A1090B.BBS,44. Chill 44 16s
FC59DF3A.BBS,45. Chill 45 16s
16213259.BBS,46. Chill 46 16s
97542AE9.BBS,47. Chill 47 16s
68B7B57B.BBS,48. Chill 48 16s
69E1FDD2.BBS,49. Chill 49 16s
A992068A.BBS,50. Chill 50 16s
2F040E47.BBS,51. Chill 51 16s
80749D50.BBS,52. Chill 52 16s
E6D7C58B.BBS,53. Chill 53 16s
E5063900.BBS,54. Chill 54 16s
A0DDED69.BBS,55. Chill 55 16s
20B00FC6.BBS,56. Chill 56 16s
54348F7A.BBS,57. Chill 57 16s
FD895627.BBS,58. Chill 58 16s
1B49843A.BBS,59. Chill 59 16s
90C60558.BBS,60. Chill 60 16s
7C6DEBC1.BBS,61. Chill 61 16s
C6987A9F.BBS,62. Chill 62 16s Sync Acc
076BBF0F.BBS,63. Chill 63 16s Sync Acc
E646B69F.BBS,64. Chill 64 16s Sync Acc
C69515E8.BBS,65. Chill 65 16s Sync Acc
68E447BA.BBS,66. Chill 66 16s Sync Acc
6CFBBE0D.BBS,67. Chill 67 16s Sync Acc
A224803F.BBS,68. Chill 68 16s Sync Acc
926E4656.BBS,69. Chill 69 16s Sync Kick
5CAB7DE4.BBS,70. Chill 70 16s Sync Kick
33C7EC96.BBS,71. Chill 71 16s Sync Kick
CA4CF0A6.BBS,72. Chill 72 16s Sync Kick
3DE14666.BBS,73. Chill 73 16s Sync Kick
2289B87A.BBS,74. Chill 74 16s Sync Kick
14E34F63.BBS,75. Chill 75 16s Sync Kick
0EC6369D.BBS,76. Chill 76 16s Sync Kick
69B11F00.BBS,77. Chill 77 16s Sync Kick
A8E4CB61.BBS,78. Chill 78 16s Sync Kick
33111AEF.BBS,79. Chill 79 16s Sync Kick
9C738013.BBS,80. Chill 80 16s Sync Kick
3E15B66B.BBS,81. Chill 81 16s Sync Kick
3925D6E3.BBS,82. Chill 82 16s Sync Kick