D0F18739.BBS,1. Chill 83 Shuffle
2469048A.BBS,2. Chill 84 Shuffle
7985DA39.BBS,3. Chill 85 Shuffle
82B4A38C.BBS,4. Chill 86 Shuffle
13578771.BBS,5. Chill 87 Shuffle
15A09337.BBS,6. Chill 88 Shuffle
34A9AA2E.BBS,7. Chill 89 Shuffle
6A4F7B64.BBS,8. Chill 90 Shuffle
FDC00311.BBS,9. Melow 91 Shuffle
00EDAE43.BBS,10. Chill 92 Shuffle
163B7B10.BBS,11. Chill 93 Shuffle
952D7DE2.BBS,12. Chill 94 Shuffle
71DBEBCB.BBS,13. Chill 95 Shuffle
DCBA2DB1.BBS,14. Chill 96 Shuffle
0CA3EEDB.BBS,15. Chill 97 Shuffle
808A72C3.BBS,16. Chill 98 Shuffle
F14433D2.BBS,17. Chill 99 Shuffle
E93AC77E.BBS,18. Chill 100 Shuffle
FA64C036.BBS,19. Chill 101 Shuffle
A253AFC7.BBS,20. Chill 102 Swung 16s
03360772.BBS,21. Chill 104 Swung 16s
696DBBA6.BBS,22. Melow 103 Swung 16s
CCB21BF2.BBS,23. Chill 105 Swung 16s
4C20CA09.BBS,24. Chill 106 Swung 16s
8D420FD3.BBS,25. Chill 107 Swung 16s
5323DDB6.BBS,26. Chill 108 Swung 16s
195C6889.BBS,27. Chill 109 Swung 16s
8768EFA1.BBS,28. Chill 110 Swung 16s
042B245E.BBS,29. Chill 111 Swung 16s
5A942077.BBS,30. Chill 112 Swung 16s
2881E670.BBS,31. Chill 113 Swung 16s
D506B997.BBS,32. Chill 114 Swung 16s
A7813F77.BBS,33. Chill 115 Swung 16s
A4EA6D35.BBS,34. Chill 116 Swung 16s
F543D436.BBS,35. Chill 117 Swung 16s
B1D226FB.BBS,36. Chill 118 Swung 16s
1852165E.BBS,37. Chill 119 Swung 16s
94F1EFE6.BBS,38. Chill 120 Swung 16s
75096787.BBS,39. Chill 121 6/8 Str 8s
876BE3A9.BBS,40. Chill 122 6/8 Str 8s
6D381140.BBS,41. Chill 123 6/8 Str 8s
79BF6C7B.BBS,42. Chill 124 6/8 Str 8s
D95302B1.BBS,43. Chill 125 6/8 Str 8s
79670FA6.BBS,44. Chill 126 6/8 Str 8s
5220431C.BBS,45. Chill 127 6/8 Str 8s
28D508F2.BBS,46. Chill 128 6/8 Str 8s
4A2939E7.BBS,47. Chill 129 6/8 Str 8s
A3861AD7.BBS,48. Chill 130 6/8 Str 8s
F39BD354.BBS,49. Chill 131 6/8 Str 8s
DC96799F.BBS,50. Chill 132 6/8 Str 8s
582CBEA1.BBS,51. Chill 133 6/8 Swung 16s
68060284.BBS,52. Chill 134 6/8 Swung 16s
5D0097FD.BBS,53. Melow 135 6/8 Swung 16s
9F748478.BBS,54. Chill 136 6/8 Swung 16s
6CA5D039.BBS,55. Chill 137 6/8 Swung 16s
AABB77A0.BBS,56. Chill 138 6/8 Swung 16s