785A27C5.BBS,1. Angels We Have Heard On High- Chris Tomlin
69CE52C7.BBS,2. Born That We May Live- Chris Tomlin
03226A20.BBS,3. Emmanuel- Chris Tomlin
F5390782.BBS,4. Glory In The Highest- Chris Tomlin
C443B925.BBS,5. Jesus Messiah- Chris Tomlin
F4877A3C.BBS,6. Joy To The World- Chris Tomlin
530BC24F.BBS,7. Light Of The World- Chris Tomlin
0E234231.BBS,8. My Soul Magnifies- Chris Tomlin
29417E97.BBS,9. O Come All Ye Faithful- Chris Tomlin
9651113C.BBS,10. O Holy Night- Chris Tomlin
292C3EA9.BBS,11. Winter Snow- Chris Tomlin