C3D8967D.BBS,1. Swung 3-3-2 Beats-Hats c c o Lead
F703CD41.BBS,2. Swung 3-3-2 Beats-Hats c o c Lead
E94C25F7.BBS,3. Swung 3-3-2 Beats-Hats Closed Lead
252846F1.BBS,4. Swung 3-3-2 Beats-Hats o c c Lead
BE29B7DD.BBS,5. Swung 3-3-2 Beats-Hats o o o Lead
C8F74AAC.BBS,6. Swung 3-3-2 Beats-K K KR Lead 8th Note Feel
212BBBDE.BBS,7. Swung 3-3-2 Beats-K K KR Lead 16th Note Feel
F0F0C35B.BBS,8. Swung 3-3-2 Beats-K K KR Lead Qtr Note Feel
4AEC6E55.BBS,9. Swung 3-3-2 Beats-K K KS Lead 8th Note Feel
A6771E2C.BBS,10. Swung 3-3-2 Beats-K K KS Lead 16th Note Feel
E6E72B59.BBS,11. Swung 3-3-2 Beats-K K KS Lead Qtr Note Feel
E664F9A8.BBS,12. Swung 3-3-2 Beats-K K R Lead 8th Note Feel
88308E26.BBS,13. Swung 3-3-2 Beats-K K R Lead 16th Note Feel
30F891B7.BBS,14. Swung 3-3-2 Beats-K K R Lead Qtr Note Feel
B4A0D721.BBS,15. Swung 3-3-2 Beats-K K S Lead 8th Note Feel
30DC9D88.BBS,16. Swung 3-3-2 Beats-K K S Lead 16th Note Feel
5169D916.BBS,17. Swung 3-3-2 Beats-K K S Lead Qtr Note Feel
EB0335D5.BBS,18. Swung 3-3-2 Beats-K KR K Lead 8th Note Feel
BFF6ADBA.BBS,19. Swung 3-3-2 Beats-K KR K Lead 16th Note Feel
7EE66EA9.BBS,20. Swung 3-3-2 Beats-K KR K Lead Qtr Note Feel
F288B0CD.BBS,21. Swung 3-3-2 Beats-K KS K Lead 16th Note Feel
34B50613.BBS,22. Swung 3-3-2 Beats-K KS K Lead 8th Note Feel
D3DC8515.BBS,23. Swung 3-3-2 Beats-K KS K Lead Qtr Note Feel
39361336.BBS,24. Swung 3-3-2 Beats-K R K Lead 16th Note Feel
0F176C67.BBS,25. Swung 3-3-2 Beats-K R K Lead 8th Note Feel
8921922A.BBS,26. Swung 3-3-2 Beats-K R K Lead Qtr Note Feel
600245DC.BBS,27. Swung 3-3-2 Beats-K S K Lead 8th Note Feel
EB8A4FAC.BBS,28. Swung 3-3-2 Beats-K S K Lead 16th Note Feel
35D58775.BBS,29. Swung 3-3-2 Beats-K S K Lead Qtr Note Feel
3490FBE3.BBS,30. Swung 3-3-2 Beats-Kick Lead 8th Note Feel
4F8D519A.BBS,31. Swung 3-3-2 Beats-Kick Lead 16th Note Feel
1F7F8478.BBS,32. Swung 3-3-2 Beats-Kick Lead Backbeat 8th Note Feel
8749CE9A.BBS,33. Swung 3-3-2 Beats-Kick Lead Backbeat Qtr Note Feel
E472CA34.BBS,34. Swung 3-3-2 Beats-Kick Lead Backbeat Rim 16th Note Feel
42A0C0D1.BBS,35. Swung 3-3-2 Beats-Kick Lead Backbeat Snare 16th Note Feel
EC551D81.BBS,36. Swung 3-3-2 Beats-Kick Lead offB+ Rim Qtrs 8th N Feel
C20D94A6.BBS,37. Swung 3-3-2 Beats-Kick Lead offB+ Rim Qtrs 16th N Feel
0DB973BE.BBS,38. Swung 3-3-2 Beats-Kick Lead offB+ Rim Qtrs Qtr N Feel
C46D0E45.BBS,39. Swung 3-3-2 Beats-Kick Lead offB+ Snare Qtrs 8th N Feel
999B5149.BBS,40. Swung 3-3-2 Beats-Kick Lead offB+ Snare Qtrs 16th N Feel
212EE3BF.BBS,41. Swung 3-3-2 Beats-Kick Lead offB+ Snare Qtrs Qtr N Feel
99DB2FB8.BBS,42. Swung 3-3-2 Beats-Kick Lead Qtr Note Feel
4E63701C.BBS,43. Swung 3-3-2 Beats-Kick Lead Rim OffBeat 8th N Feel
1FE71316.BBS,44. Swung 3-3-2 Beats-Kick Lead Rim OffBeat 16th N Feel
657E4D10.BBS,45. Swung 3-3-2 Beats-Kick Lead Snare OffBeat 8th N Feel
7B1709CA.BBS,46. Swung 3-3-2 Beats-Kick Lead Snare OffBeat 16th N Feel
DFDD59A3.BBS,47. Swung 3-3-2 Beats-KR K K 8th Note Feel
9614F6CC.BBS,48. Swung 3-3-2 Beats-KR K K 16th Note Feel
4BC18CBC.BBS,49. Swung 3-3-2 Beats-KR K K Qtr Note Feel
9ADAC828.BBS,50. Swung 3-3-2 Beats-KS K K 8th Note Feel
B846FFCC.BBS,51. Swung 3-3-2 Beats-KS K K 16th Note Feel
F8D1AD0F.BBS,52. Swung 3-3-2 Beats-KS K K Qtr Note Feel
C92A711D.BBS,53. Swung 3-3-2 Beats-R K K 8th Note Feel
1909BEF8.BBS,54. Swung 3-3-2 Beats-R K K 16th Note Feel
AACC2550.BBS,55. Swung 3-3-2 Beats-R K K Qtr Note Feel
55E440CC.BBS,56. Swung 3-3-2 Beats-Ride Bell Lead Qtr Note Feel
520E9E5F.BBS,57. Swung 3-3-2 Beats-Ride Lead Qtr Note Feel
71AD5AB4.BBS,58. Swung 3-3-2 Beats-Rim Lead 8th Note Feel
12058533.BBS,59. Swung 3-3-2 Beats-Rim Lead 16th Note Feel
9C5019F4.BBS,60. Swung 3-3-2 Beats-Rim Lead Bckbeat K 8th N Feel
2013FCE8.BBS,61. Swung 3-3-2 Beats-Rim Lead Bckbeat K 16th N Feel
5C7218B5.BBS,62. Swung 3-3-2 Beats-Rim Lead Bckbeat K Qtr N Feel
64D15B9B.BBS,63. Swung 3-3-2 Beats-Rim Lead Kick QTRS 8th N Feel
CD3F2C1C.BBS,64. Swung 3-3-2 Beats-Rim Lead Kick QTRS 16th N Feel
2FD09339.BBS,65. Swung 3-3-2 Beats-Rim Lead Qtr Note Feel
6217C54B.BBS,66. Swung 3-3-2 Beats-S K K 8th Note Feel
09850ED5.BBS,67. Swung 3-3-2 Beats-S K K 16th Note Feel
F07E5344.BBS,68. Swung 3-3-2 Beats-S K K Qtr Note Feel
F4CF475E.BBS,69. Swung 3-3-2 Beats-Snare Lead 8th Note Feel
6A69EEF0.BBS,70. Swung 3-3-2 Beats-Snare Lead 16th Note Feel
C065FDCE.BBS,71. Swung 3-3-2 Beats-Snare Lead K Bckbeat 8th N Feel
3C07C75F.BBS,72. Swung 3-3-2 Beats-Snare Lead K Bckbeat 16th N Feel
C72460B2.BBS,73. Swung 3-3-2 Beats-Snare Lead K Bckbeat Qtr N Feel
DA4C0046.BBS,74. Swung 3-3-2 Beats-Snare Lead Kick QTRS 8th N Feel
4A259B76.BBS,75. Swung 3-3-2 Beats-Snare Lead Kick QTRS 16th N Feel
3718BDBF.BBS,76. Swung 3-3-2 Beats-Snare Lead Qtr Note Feel
63E3959D.BBS,77. Swung 3-3-2 Beats-Unisons